Product,Price
Portege X30-D-10J,1076.0538
Spectre 13-V100nv,969.1986
IdeaPad 310-15ABR,492.23288
IdeaPad Y700-15ISK,1222.654
EliteBook 820,759.1714
Spectre x360,1022.3818
ProBook 430,672.44836
IdeaPad 320-15ISK,307.945
Omen 17-w212nv,1361.8907
15-bw000nv (E2-9000e/4GB/500GB/Radeon,259.59213
Yoga 720-15IKB,2173.3296
Vostro 5568,510.3278
XPS 13,1463.1366
Inspiron 3567,529.3347
ROG Strix,1492.1807
Yoga 520-14IKB,905.59814
Envy 13-AB020nr,1485.8295
Vostro 5568,865.80695
Inspiron 5567,802.53906
Notebook 9,1496.5231
GT80S 6QE,1605.8859
X556UJ-XO044T (i7-6500U/4GB/500GB/GeForce,608.2795
Inspiron 5368,1176.2311
Smartbook 142,275.42517
Latitude 5490,913.91156
Inspiron 7773,711.3747
Latitude 5580,606.75745
Latitude 5580,567.47394
EliteBook x360,988.98334
Latitude 5580,971.08264
Inspiron 3567,489.10507
Tecra Z40-C-136,1320.0408
Spectre Pro,1307.0344
Yoga 510-15IKB,827.17163
Satellite Pro,1080.2185
Aspire A515-51G,638.25964
IdeaPad 320-15IKB,606.94836
IdeaPad 320-15AST,467.4833
GE62 Apache,1277.4948
Chromebook 14,242.35179
Surface Laptop,1562.8712
IdeaPad 320-15IKBN,485.54794
TP501UA-CJ131T (i5-7200U/8GB/1TB/W10),566.6181
IdeaPad Y900-17ISK,1558.9894
Vostro 3568,600.94684
Latitude 5580,1106.6785
ZenBook Pro,1468.9414
Stream 14-AX001nv,257.8523
Vostro 5568,929.8037
XPS 13,1115.987
ThinkPad T470s,912.4103
15-ba043na (A12-9700P/8GB/2TB/W10),478.82187
Mi Notebook,830.0123
EliteBook 840,802.621
Inspiron 3567,588.5543
ZenBook UX310UQ-GL026T,968.644
Stream 14-AX000nv,257.8523
Inspiron 5379,976.8071
UX410UA-GV350T (i5-8250U/8GB/256GB/FHD/W10),832.51196
IdeaPad Y700-15ISK,1222.654
XPS 15,1634.1256
Aspire A515-51G,816.6083
V310-15ISK (i3-6006U/4GB/128GB/FHD/No,478.99576
Aspire A515-51G,686.98315
250 G6,285.31946
Rog Strix,1489.2782
15-bw009nv (A12-9720P/6GB/1TB/Radeon,505.47708
IdeaPad 320-15ABR,785.3093
Inspiron 5578,1048.8281
G701VO-IH74K (i7-6820HK/32GB/2x,2063.4873
ROG G701VI,2279.9414
Tecra A50-C-1ZV,926.46326
Aspire A515-51G-32MX,412.78268
Probook 450,651.2551
Inspiron 3552,298.49637
IdeaPad 110-15ISK,349.3093
Q304UA-BHI5T11 (i5-7200U/6GB/1TB/FHD/W10),624.2883
Precision 3520,2218.959
GS70 Stealth,1498.015
Notebook 9,1195.1885
Omen 17-W006na,1187.6652
Chromebook 13,650.79846
Spin SP111-31,370.995
Vostro 3568,736.27856
L403NA-GA013TS (N3350/4GB/32GB/W10),272.2472
Alienware 15,1239.4877
17-ak001nv (A6-9220/4GB/500GB/Radeon,348.92834
Rog G701VIK-BA060T,1785.5039
Legion Y520-15IKBN,1021.50433
IdeaPad 320-15IKB,610.9607
"MacBook 12""",1535.2344
IdeaPad Y900-17ISK,2136.849
Legion Y520-15IKBN,973.81067
ProBook 430,817.4265
Thinkpad T470p,1024.4127
Aspire 3,369.708
Vostro 5468,926.90784
ProBook 450,569.17554
Inspiron 5567,550.8779
ProBook 440,786.2671
15-rb013nv (E2-9000e/4GB/500GB/W10),232.11816
IdeaPad 320-15IKBN,401.9065
Vostro 3568,682.5447
Spectre Pro,1643.7655
Mi Notebook,830.04486
Inspiron 3567,529.3347
FX502VM-DM105T (i7-6700HQ/8GB/1TB/GeForce,1162.6648
Satellite Pro,559.5503
Thinkpad T570,1106.5961
FlexBook Edge,345.86856
Q534UX-BHI7T19 (i7-7500U/16GB/2TB,1786.0193
ProBook 650,1331.7557
Inspiron 5577,1262.4456
GT73VR Titan,1871.049
R417NA-RS01 (N3350/4GB/32GB/W10),274.08505
GS73VR 7RG,1454.9352
Yoga 900-13ISK,1290.6732
EliteBook 1040,1524.1556
Aspire A715-71G,778.04395
Inspiron 5570,542.6576
Blade Pro,3564.5503
ProBook 650,871.31506
Inspiron 5570,733.3467
Zenbook UX510UW-FI095T,1595.9907
IdeaPad Y700-15ISK,1088.534
X751NV-TY001T (N4200/4GB/1TB/GeForce,336.31845
Latitude 5480,876.8789
Inspiron 3567,629.7642
Omen 17-W295,1573.7709
Pavilion 15-CK000nv,1254.9415
Probook 470,1211.1185
Inspiron 3567,489.10504
Legion Y520-15IKBN,1230.8132
XPS 13,1101.6161
ZenBook UX305CA-UBM1,920.9635
Inspiron 3567,323.94363
GT62VR 7RE,1556.0548
IdeaPad 320-14IAP,250.761
Inspiron 5770,922.1301
15-AY023na (N3710/8GB/2TB/W10),315.13498
Vostro 3568,427.06738
Rog GL753VD-GC042T,1123.5853
Inspiron 7577,1123.0447
ProBook 470,550.90955
Latitude 5580,925.6378
MacBook Pro,1536.6895
Inspiron 5578,1496.6615
Inspiron 3552,344.0711
X550VX-XX015D (i5-6300HQ/4GB/1TB/GeForce,700.54407
ProBook 470,606.3806
GS43VR 7RE,1546.793
Aspire E5-576G,468.97342
E402WA-GA010T (E2-6110/2GB/32GB/W10),233.34897
Rog GL753VE-DS74,1190.4908
Latitude 5580,1009.7943
Latitude 5580,1102.194
XPS 13,1101.6161
Surface Laptop,1158.1669
Nitro AN515-51,1063.9517
VivoBook Flip,310.09534
Latitude 7480,923.479
ProBook 450,767.3865
Yoga 500-15ISK,1104.5502
ZBook 17,1735.3126
Thinkpad P51,4592.445
PL60 7RD,1040.7003
EliteBook 840,1684.648
Inspiron 3567,722.4302
Probook 440,604.6512
15-BS103nv (i5-8250U/6GB/256GB/Radeon,705.0664
SmartBook Edge,309.0604
Portege X30-D-10K,1541.6224
15-cb003na (i5-7300HQ/8GB/1TB,1114.4198
Yoga 910-13IKB,1164.5203
250 G6,648.73
Inspiron 3552,292.8471
Chromebook C202SA,246.41335
IdeaPad 310-15IKB,516.60504
Omen 17-w207nv,1564.0961
UX430UQ-GV209R (i7-7500U/8GB/256GB/GeForce,925.1208
IdeaPad 320-15ISK,515.0311
Probook 470,797.5887
Inspiron 3567,624.4115
Inspiron 5577,974.4282
Vostro 3559,897.69666
IdeaPad 310-15ISK,553.2903
Inspiron 3567,721.2911
Yoga 720-15IKB,1740.1357
Precision M5520,2149.1
Inspiron 3576,569.7497
ThinkPad T470,850.62317
Aspire ES1-523,307.1003
IdeaPad 500-15ISK,789.73517
Aspire A517-51G,697.0128
ThinkPad E480,905.74084
Chromebook X360,372.53323
Lenovo IdeaPad,244.60983
IdeaPad 320s-14IKB,697.1302
ZBook 15u,1009.2785
GP72M 7REX,1195.2632
ProBook 470,788.01746
Latitude 3580,558.8251
Lifebook A557,543.3953
Yoga 500-15ISK,918.48914
Inspiron 5579,984.1273
Aspire 3,343.72104
Aspire 7,756.04224
EliteBook x360,1336.7826
EliteBook 850,886.00775
15-bs002nv (i3-6006U/4GB/128GB/FHD/W10),618.05444
IdeaPad 320-15ABR,629.03467
Legion Y520-15IKBN,1319.2305
Thinkpad T470,1107.974
Aspire 5,614.4342
IdeaPad 320-15AST,317.27185
Elitebook 850,1106.8148
Inspiron 5378,990.31226
ThinkPad T570,1314.1923
ThinkPad T560,846.8046
IdeaPad 320-15ISK,574.3831
Rog G752VL-UH71T,1760.2723
Tecra Z40-C-12Z,1072.3926
Zenbook 3,1243.5583
Latitude 5480,567.23126
Pavilion X360,941.33704
EliteBook 820,1104.708
Inspiron 7570,793.5724
Extensa EX2540,323.72147
Thinkpad T470,791.05414
Aspire 3,334.17636
FX502VM-AS73 (i7-7700HQ/16GB/1TB,1379.9393
EliteBook 840,1309.7095
Vostro 3568,929.8037
EliteBook 850,1042.2765
EliteBook 820,628.8939
Inspiron 5368,703.52673
LifeBook A556,716.3556
Probook 450,630.73834
Latitude 5580,1287.1711
Pavilion x360,622.2976
MateBook X,1100.645
GT72VR Dominator,1564.7891
Predator 17,1288.452
Precision 3520,1787.3643
EliteBook 840,1766.0126
Inspiron 3567,324.6245
IdeaPad 320-15IKBN,751.81305
V110-15ISK (i3-6006U/4GB/1TB/No,280.69534
Thinkpad T460p,954.8511
Aspire 5,459.93076
250 G5,295.2783
Inspiron 7567,1870.3206
Legion Y520-15IKBN,1323.4159
TMX349-G2-M-50FS (i5-7200U/8GB/256GB/FHD/W10),731.2479
Aspire ES1-531,224.54555
XPS 15,2197.5571
Inspiron 7378,1287.5413
Probook 470,948.0304
Precision 7720,1965.5919
Thinkpad T470p,1668.8022
Legion Y520-15IKBN,1044.2528
